name,issn
AEM Education and Training,2472-5390
AIChE Journal,1547-5905
ANZ Journal of Surgery,1445-2197
AORN Journal,1878-0369
APMIS,1600-0463
ASHE Higher Education Report,1554-6306
Abacus,1467-6281
About Campus,1536-0687
Academic Emergency Medicine,1553-2712
Accounting & Finance,1467-629X
Accounting Forum,1467-6303
Accounting Perspectives,1911-3838
Acta Anaesthesiologica Scandinavica,1399-6576
Acta Archaeologica,1600-0390
Acta Biochimica et Biophysica Sinica,1745-7270
Acta Crystallographica,0365-110X
Acta Crystallographica Section A,2053-2733
Acta Crystallographica Section B,2052-5206
Acta Crystallographica Section C,2053-2296
Acta Crystallographica Section D,2059-7983
Acta Crystallographica Section E,1600-5368
Acta Crystallographica Section F,2053-230X
Acta Geologica Sinica (English Edition),1755-6724
Acta Medica Austriaca,1563-2571
Acta Neurologica Scandinavica,1600-0404
Acta Neuropsychiatrica,1601-5215
Acta Obstetricia et Gynecologica Scandinavica,1600-0412
Acta Ophthalmologica,1755-3768
Acta Paediatrica,1651-2227
Acta Pharmacologica Sinica,1745-7254
Acta Physiologica,1748-1716
Acta Polymerica,1521-4044
Acta Psychiatrica Scandinavica,1600-0447
Acta Radiologica,1600-0455
Acta Zoologica,1463-6395
Acute Medicine & Surgery,2052-8817
Addiction,1360-0443
Addiction Biology,1369-1600
Adultspan Journal,2161-0029
Advanced Biosystems,2366-7478
Advanced Electronic Materials,2199-160X
Advanced Energy Materials,1614-6840
Advanced Engineering Materials,1527-2648
Advanced Functional Materials,1616-3028
Advanced Healthcare Materials,2192-2659
Advanced Materials,1521-4095
Advanced Materials Interfaces,2196-7350
Advanced Materials Technologies,2365-709X
Advanced Optical Materials,2195-1071
Advanced Quantum Technologies,2511-9044
Advanced Science,2198-3844
Advanced Sustainable Systems,2366-7486
Advanced Synthesis & Catalysis,1615-4169
Advanced Theory and Simulations,2513-0390
Advanced Therapeutics,2366-3987
Advances in Cell and Gene Therapy,2573-8461
Advances in Polymer Technology,1098-2329
Africa Confidential,1467-6338
"Africa Research Bulletin: Economic, Financial and Technical Series",1467-6346
"Africa Research Bulletin: Political, Social and Cultural Series",1467-825X
African Development Review,1467-8268
African Journal of Ecology,1365-2028
Aggressive Behavior,1098-2337
Aging Cell,1474-9726
Aging Medicine,2475-0360
Agribusiness,1520-6297
Agricultural Economics,1574-0862
Agricultural and Forest Entomology,1461-9563
Alcoholism & Drug Abuse Weekly,1556-7591
Alcoholism: Clinical and Experimental Research,1530-0277
Alimentary Pharmacology & Therapeutics,1365-2036
Alimentary Pharmacology & Therapeutics Symposium Series,1746-6342
Allergology International,1440-1592
Allergy,1398-9995
Alternatives to the High Cost of Litigation,1549-4381
Ambulatory Child Health,1467-0658
American Anthropologist,1548-1433
American Business Law Journal,1744-1714
American Ethnologist,1548-1425
American Heart Hospital Journal,1751-7168
American Journal of Botany,1537-2197
American Journal of Community Psychology,1573-2770
American Journal of Economics and Sociology,1536-7150
American Journal of Hematology,1096-8652
American Journal of Human Biology,1520-6300
American Journal of Industrial Medicine,1097-0274
American Journal of Medical Genetics Part A,1552-4833
American Journal of Medical Genetics Part B: Neuropsychiatric Genetics,1552-485X
American Journal of Medical Genetics Part C: Seminars in Medical Genetics,1552-4876
American Journal of Orthopsychiatry,1939-0025
American Journal of Physical Anthropology,1096-8644
American Journal of Political Science,1540-5907
American Journal of Primatology,1098-2345
American Journal of Reproductive Immunology,1600-0897
American Journal of Transplantation,1600-6143
Anaesthesia,1365-2044
Analyses of Social Issues and Public Policy,1530-2415
Analysis,1467-8284
Analytic Philosophy,2153-960X
"Anatomia, Histologia, Embryologia",1439-0264
Anatomical Science International,1447-073X
Anatomical Sciences Education,1935-9780
Andrologia,1439-0272
Andrology,2047-2927
Angewandte Chemie,1521-3757
Angewandte Chemie International Edition,1521-3773
Animal Conservation,1469-1795
Animal Genetics,1365-2052
Animal Models and Experimental Medicine,2576-2095
Animal Science Journal,1740-0929
Annalen der Physik,1521-3889
Annali di Chimica,1612-8877
Annals of Anthropological Practice,2153-9588
Annals of Applied Biology,1744-7348
Annals of Clinical and Translational Neurology,2328-9503
Annals of Gastroenterological Surgery,2475-0328
Annals of Human Genetics,1469-1809
Annals of Neurology,1531-8249
Annals of Noninvasive Electrocardiology,1542-474X
Annals of Periodontology,2162-5131
Annals of Public and Cooperative Economics,1467-8292
Annals of the Association of American Geographers,1467-8306
Annals of the New York Academy of Sciences,1749-6632
Annual Bulletin of Historical Literature,1467-8314
Annual Review of Information Science and Technology,1550-8382
Anthropology & Education Quarterly,1548-1492
Anthropology News,1556-3502
Anthropology Today,1467-8322
Anthropology and Humanism,1548-1409
Anthropology of Consciousness,1556-3537
Anthropology of Work Review,1548-1417
Antipode,1467-8330
Anxiety,1522-7154
Anzeiger für Schädlingskunde,1439-0280
Applications in Plant Sciences,2168-0450
Applied Cognitive Psychology,1099-0720
Applied Geographic Studies,1520-6319
Applied Numerical Analysis & Computational Mathematics,1611-8189
Applied Organometallic Chemistry,1099-0739
Applied Psychology,1464-0597
Applied Psychology: Health and Well-Being,1758-0854
Applied Stochastic Models in Business and Industry,1526-4025
Applied Vegetation Science,1654-109X
Aqua,1365-2087
Aquaculture Nutrition,1365-2095
Aquaculture Research,1365-2109
Aquatic Conservation: Marine and Freshwater Ecosystems,1099-0755
Arabian Archaeology and Epigraphy,1600-0471
Archaeological Prospection,1099-0763
Archaeology in Oceania,1834-4453
Archaeometry,1475-4754
Archeological Papers of the American Anthropological Association,1551-8248
Architectural Design,1554-2769
Archiv der Pharmazie,1521-4184
Archives of Drug Information,1753-5174
Archives of Insect Biochemistry and Physiology,1520-6327
Area,1475-4762
Aristotelian Society Supplementary Volume,1467-8349
Art History,1467-8365
Arthritis & Rheumatology,2326-5205
Arthritis Care & Research,2151-4658
Artificial Organs,1525-1594
Asia & the Pacific Policy Studies,2050-2680
Asia Pacific Family Medicine,1447-056X
Asia Pacific Journal of Clinical Nutrition,1440-6047
Asia Pacific Journal of Human Resources,1744-7941
Asia Pacific Viewpoint,1467-8373
Asia-Pacific Journal of Chemical Engineering,1932-2143
Asia-Pacific Journal of Clinical Oncology,1743-7563
Asia-Pacific Journal of Financial Studies,2041-6156
Asia-Pacific Psychiatry,1758-5872
Asian Economic Journal,1467-8381
Asian Economic Policy Review,1748-3131
Asian Journal of Andrology,1745-7262
Asian Journal of Control,1934-6093
Asian Journal of Endoscopic Surgery,1758-5910
Asian Journal of Organic Chemistry,2193-5815
Asian Journal of Social Psychology,1467-839X
Asian Politics & Policy,1943-0787
Asian Social Work and Policy Review,1753-1411
Asian Studies Review,1467-8403
Asian-Pacific Economic Literature,1467-8411
Assessment Update,1536-0725
Astronomische Nachrichten,1521-3994
Astronomy & Geophysics,1468-4004
Atmospheric Science Letters,1530-261X
Austral Ecology,1442-9993
Austral Entomology,2052-1758
Australasian Journal of Dermatology,1440-0960
Australasian Journal of Ultrasound in Medicine,2205-0140
Australasian Journal on Ageing,1741-6612
Australasian Psychiatry,1440-1665
Australian & New Zealand Journal of Statistics,1467-842X
Australian Accounting Review,1835-2561
Australian Dental Journal,1834-7819
Australian Economic History Review,1467-8446
Australian Economic Papers,1467-8454
Australian Economic Review,1467-8462
Australian Endodontic Journal,1747-4477
Australian Journal of Agricultural and Resource Economics,1467-8489
Australian Journal of Earth Sciences,1440-0952
Australian Journal of Grape and Wine Research,1755-0238
Australian Journal of Politics & History,1467-8497
Australian Journal of Psychology,1742-9536
Australian Journal of Public Administration,1467-8500
Australian Journal of Rural Health,1440-1584
Australian Journal of Social Issues,1839-4655
Australian Occupational Therapy Journal,1440-1630
Australian Psychologist,1742-9544
Australian Social Work,1447-0748
Australian Veterinary Journal,1751-0813
Australian and New Zealand Journal of Family Therapy,1467-8438
Australian and New Zealand Journal of Obstetrics and Gynaecology,1479-828X
Australian and New Zealand Journal of Psychiatry,1440-1614
Australian and New Zealand Journal of Public Health,1753-6405
Autism Research,1939-3806
Autonomic and Autacoid Pharmacology,1474-8673
BJOG: An International Journal of Obstetrics & Gynaecology,1471-0528
BJS,1365-2168
BJS Open,2474-9842
BJU International,1464-410X
Banks in Insurance Report,1530-9991
Basic & Clinical Pharmacology & Toxicology,1742-7843
Basic and Applied Pathology,1755-9294
Basin Research,1365-2117
Batteries & Supercaps,2566-6223
Bauphysik,1437-0980
"Bauregelliste A, Bauregelliste B und Liste C",1862-3093
Bautechnik,1437-0999
Behavioral Interventions,1099-078X
Behavioral Sciences & the Law,1099-0798
Bell Labs Technical Journal,1538-7305
Berichte der Bunsengesellschaft für physikalische Chemie,0005-9021
Berichte zur Wissenschaftsgeschichte,1522-2365
Beton- und Stahlbetonbau,1437-1006
BioEssays,1521-1878
BioFactors,1872-8081
Biochemistry and Molecular Biology Education,1539-3429
Bioelectromagnetics,1521-186X
Bioengineering & Translational Medicine,2380-6761
Bioethics,1467-8519
"Biofuels, Bioproducts and Biorefining",1932-1031
Bioimaging,1361-6374
Biological Reviews,1469-185X
Biologie in unserer Zeit,1521-415X
Biology of the Cell,1768-322X
Biomedical Chromatography,1099-0801
Biometrical Journal,1521-4036
Biometrics,1541-0420
Biopharmaceutics & Drug Disposition,1099-081X
Biopolymers,1097-0282
Biospectroscopy,1520-6343
Biotechnology Journal,1860-7314
Biotechnology Progress,1520-6033
Biotechnology and Applied Biochemistry,1470-8744
Biotechnology and Bioengineering,1097-0290
Biotropica,1744-7429
Bipolar Disorders,1399-5618
Birth,1523-536X
Birth Defects Research,2472-1727
Birth Defects Research Part A: Clinical and Molecular Teratology,1542-0760
Birth Defects Research Part B: Developmental and Reproductive Toxicology,1542-9741
Birth Defects Research Part C: Embryo Today: Reviews,1542-9768
Board & Administrator for Administrators Only,1949-3215
Board Leadership,1542-7862
Boreas,1502-3885
Botanical Journal of the Linnean Society,1095-8339
Brain Pathology,1750-3639
Brain and Behavior,2157-9032
Briefings in Real Estate Finance,1555-0990
British Educational Research Journal,1469-3518
British Journal of Clinical Pharmacology,1365-2125
British Journal of Clinical Psychology,2044-8260
British Journal of Dermatology,1365-2133
British Journal of Developmental Psychology,2044-835X
British Journal of Educational Psychology,2044-8279
British Journal of Educational Studies,1467-8527
British Journal of Educational Technology,1467-8535
British Journal of Haematology,1365-2141
British Journal of Health Psychology,2044-8287
British Journal of Industrial Relations,1467-8543
British Journal of Learning Disabilities,1468-3156
British Journal of Management,1467-8551
British Journal of Mathematical and Statistical Psychology,2044-8317
British Journal of Pharmacology,1476-5381
British Journal of Psychology,2044-8295
British Journal of Psychotherapy,1752-0118
British Journal of Social Psychology,2044-8309
British Journal of Special Education,1467-8578
Bruce R. Hopkins' Nonprofit Counsel,1542-8427
Bulletin des Sociétés Chimiques Belges,0037-9646
Bulletin of Economic Research,1467-8586
Bulletin of Latin American Research,1470-9856
Bulletin of the Association for Information Science and Technology,2373-9223
Bulletin of the Institute of Classical Studies,2041-5370
Bulletin of the Korean Chemical Society,1229-5949
Bulletin of the London Mathematical Society,1469-2120
Bulletin of the National Association of Student Anthropologists,1556-3626
Business Change and Re-engineering,1099-0828
Business Ethics: A European Review,1467-8608
Business Strategy & Development,2572-3170
Business Strategy and the Environment,1099-0836
Business and Society Review,1467-8594
CA: A Cancer Journal for Clinicians,1542-4863
CHEMKON,1521-3730
"CLEAN – Soil, Air, Water",1863-0669
CNS Drug Reviews,1527-3458
CNS Neuroscience & Therapeutics,1755-5949
CPT: Pharmacometrics & Systems Pharmacology,2163-8306
Campus Legal Advisor,1945-6239
Campus Security Report,1945-6247
Canadian Journal of Administrative Sciences / Revue Canadienne des Sciences de l'Administration,1936-4490
Canadian Journal of Agricultural Economics/Revue canadienne d'agroeconomie,1744-7976
Canadian Journal of Economics/Revue canadienne d'économique,1540-5982
Canadian Journal of Statistics,1708-945X
Canadian Public Administration,1754-7121
Canadian Review of Sociology/Revue canadienne de sociologie,1755-618X
Cancer,1097-0142
Cancer Cytopathology,1934-6638
Cancer Medicine,2045-7634
Cancer Practice,1523-5394
Cancer Reports,2573-8348
Cancer Science,1349-7006
Cardiovascular Therapeutics,1755-5922
Catheterization and Cardiovascular Interventions,1522-726X
Cell Biochemistry and Function,1099-0844
Cell Biology International,1095-8355
Cell Biology International Reports,2041-5346
Cell Proliferation,1365-2184
Cellular Microbiology,1462-5822
Centaurus,1600-0498
Center for Migration Studies special issues,2050-411X
Central Issues in Anthropology,1937-6227
Cephalalgia,1468-2982
Cereal Chemistry,1943-3638
ChemBioChem,1439-7633
ChemBioEng Reviews,2196-9744
ChemCatChem,1867-3899
ChemElectroChem,2196-0216
ChemInform,1522-2667
ChemMedChem,1860-7187
ChemNanoMat,2199-692X
ChemPhotoChem,2367-0932
ChemPhysChem,1439-7641
ChemPlusChem,2192-6506
ChemSusChem,1864-564X
Chemical Biology & Drug Design,1747-0285
Chemical Engineering & Technology,1521-4125
Chemical Vapor Deposition,1521-3862
Chemie Ingenieur Technik,1522-2640
Chemie in unserer Zeit,1521-3781
Chemistry & Biodiversity,1612-1880
Chemistry & Industry,2047-6329
Chemistry - A European Journal,1521-3765
Chemistry – An Asian Journal,1861-471X
ChemistryOpen,2191-1363
ChemistrySelect,2365-6549
Child & Family Social Work,1365-2206
Child Abuse Review,1099-0852
Child Development,1467-8624
Child Development Perspectives,1750-8606
Child and Adolescent Mental Health,1475-3588
"Child: Care, Health and Development",1365-2214
Children & Society,1099-0860
China & World Economy,1749-124X
Chinese Journal of Chemistry,1614-7065
Chinese Journal of Geophysics,2326-0440
Chirality,1520-636X
City & Community,1540-6040
City & Society,1548-744X
Cladistics,1096-0031
Clinical & Experimental Allergy,1365-2222
Clinical & Experimental Allergy Reviews,1472-9733
Clinical & Experimental Immunology,1365-2249
Clinical & Experimental Ophthalmology,1442-9071
Clinical & Translational Immunology,2050-0068
Clinical Advances in Periodontics,2163-0097
Clinical Anatomy,1098-2353
Clinical Cardiology,1932-8737
Clinical Case Reports,2050-0904
Clinical Endocrinology,1365-2265
Clinical Genetics,1399-0004
Clinical Implant Dentistry and Related Research,1708-8208
Clinical Liver Disease,2046-2484
Clinical Microbiology and Infection,1469-0691
Clinical Obesity,1758-8111
Clinical Oral Implants Research,1600-0501
Clinical Otolaryngology,1749-4486
Clinical Pharmacology & Therapeutics,1532-6535
Clinical Pharmacology in Drug Development,2160-7648
Clinical Physiology and Functional Imaging,1475-097X
Clinical Psychologist,1742-9552
Clinical Psychology & Psychotherapy,1099-0879
Clinical Psychology: Science and Practice,1468-2850
Clinical Transplantation,1399-0012
Clinical and Experimental Dental Research,2057-4347
Clinical and Experimental Dermatology,1365-2230
Clinical and Experimental Neuroimmunology,1759-1961
Clinical and Experimental Optometry,1444-0938
Clinical and Experimental Pharmacology and Physiology,1440-1681
Clinical and Translational Science,1752-8062
Cochlear Implants International,1556-9152
Cognitive Science,1551-6709
College Athletics and the Law,1943-7579
Color Research & Application,1520-6378
Coloration Technology,1478-4408
Colorectal Disease,1463-1318
Communication Theory,1468-2885
"Communication, Culture & Critique",1753-9137
Communications on Pure and Applied Mathematics,1097-0312
Community Dentistry and Oral Epidemiology,1600-0528
Companion Animal,2044-3862
Comparative and Functional Genomics,1532-6268
Competitive Intelligence Review,1520-6386
Complexity,1099-0526
Comprehensive Reviews in Food Science and Food Safety,1541-4337
Computational Intelligence,1467-8640
Computer Aided Surgery,1097-0150
Computer Animation and Virtual Worlds,1546-427X
Computer Applications in Engineering Education,1099-0542
Computer Graphics Forum,1467-8659
Computer-Aided Civil and Infrastructure Engineering,1467-8667
Concepts in Magnetic Resonance Part A,1552-5023
Concepts in Magnetic Resonance Part B: Magnetic Resonance Engineering,1552-504X
Concurrency and Computation: Practice and Experience,1532-0634
Conflict Resolution Quarterly,1541-1508
Congenital Anomalies,1741-4520
Congenital Heart Disease,1747-0803
Congestive Heart Failure,1751-7133
Conservation,1936-6779
Conservation Biology,1523-1739
Conservation Letters,1755-263X
Constellations,1467-8675
Consumer Psychology Review,2476-1281
Contact Dermatitis,1600-0536
Contemporary Accounting Research,1911-3846
Contemporary Economic Policy,1465-7287
Contemporary Hypnosis,1557-0711
Continuing Cardiology Education,2059-1594
Contrast Media & Molecular Imaging,1555-4317
Contributions to Plasma Physics,1521-3986
Conversations in Religion & Theology,1479-2214
Corporate Governance: An International Review,1467-8683
Corporate Philanthropy Report,1949-3207
Corporate Social Responsibility and Environmental Management,1535-3966
Counseling and Values,2161-007X
Counselling and Psychotherapy Research,1746-1405
Counselor Education and Supervision,1556-6978
Creativity and Innovation Management,1467-8691
Criminal Behaviour and Mental Health,1471-2857
Criminology,1745-9125
Criminology & Public Policy,1745-9133
Critical Quarterly,1467-8705
CrossCurrents,1939-3881
Crystal Research and Technology,1521-4079
Cultural Anthropology,1548-1360
"Culture, Agriculture, Food and Environment",2153-9561
Curator: The Museum Journal,2151-6952
Current Directions in Psychological Science,1467-8721
Curriculum Inquiry,1467-873X
Curtis's Botanical Magazine,1467-8748
Cytometry Part A,1552-4930
Cytometry Part B: Clinical Cytometry,1552-4957
Cytopathology,1365-2303
Cytoskeleton,1949-3592
DIBt Mitteilungen,1437-1030
Deafness & Education International,1557-069X
Dean and Provost,1943-7587
Decision Sciences,1540-5915
Decision Sciences Journal of Innovative Education,1540-4609
Dental Traumatology,1600-9657
Depression,1522-7162
Depression and Anxiety,1520-6394
Dermatologic Surgery,1524-4725
Dermatologic Therapy,1529-8019
Design Management Journal,1948-7177
Design Management Review,1948-7169
Developing World Bioethics,1471-8847
Development Policy Review,1467-7679
Development and Alumni Relations Report,1945-6255
Development and Change,1467-7660
"Development, Growth & Differentiation",1440-169X
Developmental Disabilities Research Reviews,1940-5529
Developmental Dynamics,1097-0177
Developmental Medicine & Child Neurology,1469-8749
Developmental Neurobiology,1932-846X
Developmental Psychobiology,1098-2302
Developmental Science,1467-7687
"Diabetes, Obesity and Metabolism",1463-1326
Diabetes/Metabolism Research and Reviews,1520-7560
Diabetic Medicine,1464-5491
Diagnostic Cytopathology,1097-0339
Dialectica,1746-8361
Dialog,1540-6385
Dialysis & Transplantation,1932-6920
Die Unterrichtspraxis/Teaching German,1756-1221
Differentiation,1432-0436
Digest of Middle East Studies,1949-3606
Digestive Endoscopy,1443-1661
Diplomatic History,1467-7709
Disability Compliance for Higher Education,1943-8001
Disasters,1467-7717
Diseases of the Esophagus,1442-2050
Diversity and Distributions,1472-4642
Drug Development Research,1098-2299
Drug Testing and Analysis,1942-7611
Drug and Alcohol Review,1465-3362
Dyslexia,1099-0909
EFSA Journal,1831-4732
EFSA Supporting Publications,2397-8325
ELECTROPHORESIS,1522-2683
EMBO Molecular Medicine,1757-4684
EMBO reports,1469-3178
EPPO Bulletin,1365-2338
ESC Heart Failure,2055-5822
ETRI Journal,2233-7326
ETS Research Report Series,2330-8516
Early Intervention in Psychiatry,1751-7893
Early Medieval Europe,1468-0254
Earth Surface Processes and Landforms,1096-9837
Earth and Space Science,2333-5084
Earth's Future,2328-4277
Earthquake Engineering & Structural Dynamics,1096-9845
Echocardiography,1540-8175
Ecography,1600-0587
Ecohydrology,1936-0592
Ecological Applications,1939-5582
Ecological Entomology,1365-2311
Ecological Management & Restoration,1442-8903
Ecological Monographs,1557-7015
Ecological Research,1440-1703
Ecology,1939-9170
Ecology Letters,1461-0248
Ecology and Evolution,2045-7758
Ecology of Freshwater Fish,1600-0633
Econometrica,1468-0262
Economic Affairs,1468-0270
Economic Anthropology,2330-4847
Economic Geography,1944-8287
Economic Inquiry,1465-7295
Economic Notes,1468-0300
Economic Outlook,1468-0319
Economic Papers: A journal of applied economics and policy,1759-3441
Economic Policy,1468-0327
Economic Record,1475-4932
Economica,1468-0335
Economics & Politics,1468-0343
Economics of Transition,1468-0351
Ecosphere,2150-8925
Ecosystem Health,1526-0992
Ecosystem Health and Sustainability,2332-8878
Educational Measurement: Issues and Practice,1745-3992
Educational Philosophy and Theory,1469-5812
Educational Theory,1741-5446
El Mensajero,1556-6617
Electrical Engineering in Japan,1520-6416
Electroanalysis,1521-4109
Electronic Journal of Theoretical Chemistry,1082-4928
Electronics and Communications in Japan,1942-9541
Electronics and Communications in Japan (Part I: Communications),1520-6424
Electronics and Communications in Japan (Part II: Electronics),1520-6432
Electronics and Communications in Japan (Part III: Fundamental Electronic Science),1520-6440
Emergency Medicine Australasia,1742-6723
Employment Relations Today,1520-6459
"Endocrinology, Diabetes & Metabolism",2398-9238
Endodontic Topics,1601-1546
Energy & Environmental Materials,2575-0356
Energy Science & Engineering,2050-0505
Energy Technology,2194-4296
Engineering Construction and Architectural Management,1365-232X
Engineering in Life Sciences,1618-2863
English Literary Renaissance,1475-6757
English in Education,1754-8845
Enrollment Management Report,1945-6263
Entomologia Experimentalis et Applicata,1570-7458
Entomological Research,1748-5967
Entomological Science,1479-8298
Entrepreneurship Theory and Practice,1540-6520
Environmental Law & Management,1099-0941
Environmental Microbiology,1462-2920
Environmental Microbiology Reports,1758-2229
Environmental Policy and Governance,1756-9338
Environmental Progress & Sustainable Energy,1944-7450
Environmental Quality Management,1520-6483
Environmental Toxicology,1522-7278
Environmental Toxicology and Chemistry,1552-8618
Environmental and Molecular Mutagenesis,1098-2280
Environmetrics,1099-095X
"Eos, Transactions American Geophysical Union",2324-9250
Epilepsia,1528-1167
Epilepsia Open,2470-9239
Epilepsy Currents,1535-7511
Epileptic Disorders,1950-6945
Equine Veterinary Education,2042-3292
Equine Veterinary Journal,2042-3306
Ethics & International Affairs,1747-7093
Ethnographic Praxis in Industry Conference Proceedings,1559-8918
Ethology,1439-0310
Ethos,1548-1352
EuroChoices,1746-692X
European Diabetes Nursing,1551-7861
European Eating Disorders Review,1099-0968
European Financial Management,1468-036X
European Journal of Anaesthesiology,1365-2346
European Journal of Cancer Care,1365-2354
European Journal of Clinical Investigation,1365-2362
European Journal of Dental Education,1600-0579
European Journal of Education,1465-3435
European Journal of Haematology,1600-0609
European Journal of Heart Failure,1879-0844
European Journal of Immunology,1521-4141
European Journal of Inorganic Chemistry,1099-0682
European Journal of Lipid Science and Technology,1438-9312
European Journal of Neurology,1468-1331
European Journal of Neuroscience,1460-9568
European Journal of Oral Sciences,1600-0722
European Journal of Organic Chemistry,1099-0690
European Journal of Pain,1532-2149
European Journal of Pain Supplements,1878-0075
European Journal of Personality,1099-0984
European Journal of Philosophy,1468-0378
European Journal of Political Research,1475-6765
European Journal of Political Research Political Data Yearbook,2047-8852
European Journal of Social Psychology,1099-0992
European Journal of Soil Science,1365-2389
European Journal of Surgery,1741-9271
European Law Journal,1468-0386
European Management Review,1740-4762
European Policy Analysis,2380-6567
European Respiratory Journal,1399-3003
European Surgery,1682-4016
Evidence-Based Child Health: A Cochrane Review Journal,1557-6272
Evidence-based Preclinical Medicine,2054-703X
Evolution,1558-5646
Evolution & Development,1525-142X
Evolution Letters,2056-3744
"Evolutionary Anthropology: Issues, News, and Reviews",1520-6505
Evolutionary Applications,1752-4571
Experimental Dermatology,1600-0625
Experimental Physiology,1469-445X
Experimental Techniques,1747-1567
Expert Systems,1468-0394
FEBS Letters,1873-3468
FEBS Open Bio,2211-5463
FEMS Microbiology Ecology,1574-6941
FEMS Microbiology Letters,1574-6968
FEMS Microbiology Reviews,1574-6976
FEMS Yeast Research,1567-1364
Family Business Review,1741-6248
Family Court Review,1744-1617
Family Process,1545-5300
Family Relations,1741-3729
Family and Consumer Sciences Research Journal,1552-3934
Fatigue & Fracture of Engineering Materials & Structures,1460-2695
Feddes Repertorium,1522-239X
Federal Facilities Environmental Journal,1520-6513
Federal Grants & Contracts,1949-3185
Field Analytical Chemistry & Technology,1520-6521
Financial Accountability & Management,1468-0408
Financial Management,1755-053X
"Financial Markets, Institutions & Instruments",1468-0416
Financial Planning Review,2573-8615
Financial Review,1540-6288
Fire and Materials,1099-1018
First Break,1365-2397
Fiscal Studies,1475-5890
Fish and Fisheries,1467-2979
Fisheries,1548-8446
Fisheries Management and Ecology,1365-2400
Fisheries Oceanography,1365-2419
Fisheries Science,1444-2906
Flavour and Fragrance Journal,1099-1026
Focus on Alternative and Complementary Therapies,2042-7166
Focus on Geography,1949-8535
Food Science & Nutrition,2048-7177
Food Service Technology,1471-5740
Food and Energy Security,2048-3694
Foot and Ankle Surgery,1460-9584
Foreign Language Annals,1944-9720
Foreign Policy Analysis,1743-8594
Forest Pathology,1439-0329
Forstwissenschaftliches Centralblatt,1439-0337
Fortschritte der Physik,1521-3978
Fossil Record,1860-1014
Freshwater Biology,1365-2427
Frontiers in Ecology and the Environment,1540-9309
Fuel Cells,1615-6854
Functional Ecology,1365-2435
Fundamental & Clinical Pharmacology,1472-8206
Future Prescriber,1931-2261
Futures & Foresight Science,2573-5152
GAMM-Mitteilungen,1522-2608
GCB Bioenergy,1757-1707
Gender & History,1468-0424
"Gender, Work & Organization",1468-0432
Gene Function & Disease,1438-826X
GeneScreen,1466-9218
General Anthropology,1939-3466
Genes and Function,1365-4624
Genes to Cells,1365-2443
"Genes, Brain and Behavior",1601-183X
"Genes, Chromosomes and Cancer",1098-2264
Genetic Epidemiology,1098-2272
Geo: Geography and Environment,2054-4049
GeoHealth,2471-1403
Geoarchaeology,1520-6548
Geobiology,1472-4669
"Geochemistry, Geophysics, Geosystems",1525-2027
Geofluids,1468-8123
"Geografiska Annaler: Series A, Physical Geography",1468-0459
"Geografiska Annaler: Series B, Human Geography",1468-0467
Geographical Analysis,1538-4632
Geographical Research,1745-5871
Geographical Review,1931-0846
Geography Compass,1749-8198
Geological Journal,1099-1034
Geology Today,1365-2451
Geomechanics and Tunnelling,1865-7389
Geophysical Journal International,1365-246X
Geophysical Prospecting,1365-2478
Geophysical Research Letters,1944-8007
Geoscience Data Journal,2049-6060
Geostandards and Geoanalytical Research,1751-908X
Geriatrics & Gerontology International,1447-0594
German Economic Review,1468-0475
German Life and Letters,1468-0483
German Research,1522-2322
Gerodontology,1741-2358
Gesunde Pflanzen,1439-0345
Glia,1098-1136
Global Biogeochemical Cycles,1944-9224
Global Business and Organizational Excellence,1932-2062
Global Challenges,2056-6646
Global Change Biology,1365-2486
Global Ecology and Biogeography,1466-8238
Global Networks,1471-0374
Global Policy,1758-5899
Global Strategy Journal,2042-5805
Governance,1468-0491
Government and Opposition,1477-7053
Grass and Forage Science,1365-2494
Grassland Science,1744-697X
Greenhouse Gases: Science and Technology,2152-3878
Groundwater,1745-6584
Groundwater Monitoring & Remediation,1745-6592
Growth and Change,1468-2257
Gynaecological Endoscopy,1365-2508
HIV Medicine,1468-1293
HLA,2059-2310
HPB,1477-2574
Haemophilia,1365-2516
Hastings Center Report,1552-146X
Head & Neck,1097-0347
Headache Currents,1743-5013
Headache: The Journal of Head and Face Pain,1526-4610
Health & Social Care in the Community,1365-2524
Health Economics,1099-1050
Health Expectations,1369-7625
Health Information & Libraries Journal,1471-1842
Health Promotion Journal of Australia,2201-1617
Health Science Reports,2398-8835
Health Services Research,1475-6773
Heart Lung & Circulation,1444-2892
Heat Transfer—Asian Research,1523-1496
Helicobacter,1523-5378
Helvetica Chimica Acta,1522-2675
Hematological Oncology,1099-1069
Hemodialysis International,1542-4758
Hepatology,1527-3350
Hepatology Communications,2471-254X
Hepatology Research,1872-034X
Hereditas,1601-5223
Heredity,1365-2540
Heteroatom Chemistry,1098-1071
High Frequency,2470-6981
Higher Education Abstracts,2150-1092
Higher Education Quarterly,1468-2273
Hippocampus,1098-1063
Histopathology,1365-2559
Historian,1540-6563
Historical Research,1468-2281
History,1468-229X
History Compass,1478-0542
History and Theory,1468-2303
History of Education Quarterly,1748-5959
Human Brain Mapping,1097-0193
Human Cell,1749-0774
Human Communication Research,1468-2958
Human Factors and Ergonomics in Manufacturing & Service Industries,1520-6564
Human Mutation,1098-1004
Human Psychopharmacology: Clinical and Experimental,1099-1077
Human Resource Development Quarterly,1532-1096
Human Resource Management,1099-050X
Human Resource Management Journal,1748-8583
Hydrological Processes,1099-1085
Hypatia,1527-2001
IDS Bulletin,1759-5436
IDS Practice Papers,2040-0225
IDS Research Reports,2040-0217
IDS Working Papers,2040-0209
IEEJ Transactions on Electrical and Electronic Engineering,1931-4981
INCOSE International Symposium,2334-5837
INSIGHT,2156-4868
IPPR Progressive Review,2573-2331
ISBT Science Series,1751-2824
IUBMB Life,1521-6551
Ibis,1474-919X
Imaging Decisions MRI,1617-0830
"Immunity, Inflammation and Disease",2050-4527
ImmunoMedicine,2510-5345
Immunological Reviews,1600-065X
Immunology,1365-2567
Immunology & Cell Biology,1440-1711
Impact,2048-416X
In Session: Psychotherapy in Practice,1520-6572
Indoor Air,1600-0668
Industrial Relations Journal,1468-2338
Industrial Relations: A Journal of Economy and Society,1468-232X
Industrial and Organizational Psychology,1754-9434
Infancy,1532-7078
Infant Mental Health Journal,1097-0355
Infant and Child Development,1522-7219
Infectious Diseases in Obstetrics and Gynecology,1098-0997
Inflammatory Bowel Diseases,1536-4844
Influenza and Other Respiratory Viruses,1750-2659
Information Systems Journal,1365-2575
Information Technology for Development,1554-0170
Insect Conservation and Diversity,1752-4598
Insect Molecular Biology,1365-2583
Insect Science,1744-7917
Inside the Cell,2375-2920
Integrated Environmental Assessment and Management,1551-3793
"Integrative Biology: Issues, News, and Reviews",1520-6602
Integrative Zoology,1749-4877
"Intelligent Systems in Accounting, Finance and Management",1099-1174
Internal Medicine Journal,1445-5994
International Affairs,1468-2346
International Dental Journal,1875-595X
International Economic Review,1468-2354
International Endodontic Journal,1365-2591
International Finance,1468-2362
International Forum of Allergy & Rhinology,2042-6984
International Insolvency Review,1099-1107
International Journal for Numerical Methods in Biomedical Engineering,2040-7947
International Journal for Numerical Methods in Engineering,1097-0207
International Journal for Numerical Methods in Fluids,1097-0363
International Journal for Numerical and Analytical Methods in Geomechanics,1096-9853
International Journal of Adaptive Control and Signal Processing,1099-1115
International Journal of Advertising,0265-0487
International Journal of Andrology,1365-2605
International Journal of Applied Ceramic Technology,1744-7402
International Journal of Applied Glass Science,2041-1294
International Journal of Applied Linguistics,1473-4192
International Journal of Applied Psychoanalytic Studies,1556-9187
International Journal of Art & Design Education,1476-8070
International Journal of Auditing,1099-1123
International Journal of Cancer,1097-0215
International Journal of Chemical Kinetics,1097-4601
International Journal of Circuit Theory and Applications,1097-007X
International Journal of Climatology,1097-0088
International Journal of Clinical Practice,1742-1241
International Journal of Communication Systems,1099-1131
International Journal of Consumer Studies,1470-6431
International Journal of Cosmetic Science,1468-2494
International Journal of Dairy Technology,1471-0307
International Journal of Dental Hygiene,1601-5037
International Journal of Dermatology,1365-4632
International Journal of Eating Disorders,1098-108X
International Journal of Economic Theory,1742-7363
International Journal of Energy Research,1099-114X
International Journal of Evidence-Based Healthcare,1744-1609
International Journal of Experimental Pathology,1365-2613
International Journal of Finance & Economics,1099-1158
International Journal of Food Science & Technology,1365-2621
International Journal of Geriatric Psychiatry,1099-1166
International Journal of Gynecological Cancer,1525-1438
International Journal of Gynecology & Obstetrics,1879-3479
International Journal of Human Factors in Manufacturing,1522-7111
International Journal of Imaging Systems and Technology,1098-1098
International Journal of Immunogenetics,1744-313X
International Journal of Intelligent Systems,1098-111X
International Journal of Intensive Short-Term Dynamic Psychotherapy,1099-1182
International Journal of Japanese Sociology,1475-6781
International Journal of Laboratory Hematology,1751-553X
International Journal of Language & Communication Disorders,1460-6984
International Journal of Management Reviews,1468-2370
International Journal of Mental Health Nursing,1447-0349
International Journal of Methods in Psychiatric Research,1557-0657
International Journal of Nautical Archaeology,1095-9270
International Journal of Network Management,1099-1190
International Journal of Nonprofit and Voluntary Sector Marketing,1479-103X
"International Journal of Numerical Modelling: Electronic Networks, Devices and Fields",1099-1204
International Journal of Nursing Knowledge,2047-3095
International Journal of Nursing Practice,1440-172X
International Journal of Older People Nursing,1748-3743
International Journal of Oral & Maxillofacial Surgery,1399-0020
International Journal of Osteoarchaeology,1099-1212
International Journal of Paediatric Dentistry,1365-263X
International Journal of Pharmacy Practice,2042-7174
International Journal of Psychology,1464-066X
International Journal of Quantum Chemistry,1097-461X
International Journal of RF and Microwave Computer-Aided Engineering,1099-047X
International Journal of Rheumatic Diseases,1756-185X
International Journal of Robust and Nonlinear Control,1099-1239
International Journal of Satellite Communications and Networking,1542-0981
International Journal of Selection and Assessment,1468-2389
International Journal of Social Welfare,1468-2397
International Journal of Stroke,1747-4949
International Journal of Systematic Theology,1468-2400
International Journal of Tourism Research,1522-1970
International Journal of Training and Development,1468-2419
International Journal of Urban and Regional Research,1468-2427
International Journal of Urological Nursing,1749-771X
International Journal of Urology,1442-2042
International Labour Review,1564-913X
International Migration,1468-2435
International Migration Review,1747-7379
International Nursing Review,1466-7657
International Political Sociology,1749-5687
International Review of Finance,1468-2443
International Review of Hydrobiology,1522-2632
International Review of Mission,1758-6631
International Social Science Journal,1468-2451
International Social Security Review,1468-246X
International Statistical Review,1751-5823
International Studies Perspectives,1528-3585
International Studies Quarterly,1468-2478
International Studies Review,1468-2486
International Transactions in Operational Research,1475-3995
International Transactions on Electrical Energy Systems,2050-7038
International Wound Journal,1742-481X
International Zoo Yearbook,1748-1090
Internationale Revue für Soziale Sicherheit,1752-1726
Internet Technology Letters,2476-1508
Invertebrate Biology,1744-7410
Irrigation and Drainage,1531-0361
Island Arc,1440-1738
Israel Journal of Chemistry,1869-5868
JACCP: Journal of the American College of Clinical Pharmacy,2574-9870
JAWRA Journal of the American Water Resources Association,1752-1688
JBI Reports,1479-6988
JBMR Plus,2473-4039
JCMS: Journal of Common Market Studies,1468-5965
JDDG: Journal der Deutschen Dermatologischen Gesellschaft,1610-0387
JGH Open,2397-9070
JOR Spine,2572-1143
Japan Architectural Review,2475-8876
Japan Journal of Nursing Science,1742-7924
Japanese Psychological Research,1468-5884
Journal - American Water Works Association,1551-8833
Journal for Eighteenth-Century Studies,1754-0208
Journal for Healthcare Quality,1945-1474
Journal for Specialists in Pediatric Nursing,1744-6155
Journal for the Scientific Study of Religion,1468-5906
Journal for the Theory of Social Behaviour,1468-5914
Journal für Ornithologie,1439-0361
Journal of Accounting Research,1475-679X
Journal of Addictions & Offender Counseling,2161-1874
Journal of Adolescent & Adult Literacy,1936-2706
Journal of Advanced Nursing,1365-2648
Journal of Advanced Transportation,2042-3195
Journal of Advances in Modeling Earth Systems,1942-2466
Journal of Agrarian Change,1471-0366
Journal of Agricultural Economics,1477-9552
Journal of Agronomy and Crop Science,1439-037X
Journal of Analytical Psychology,1468-5922
Journal of Anatomy,1469-7580
Journal of Andrology,1939-4640
Journal of Animal Breeding and Genetics,1439-0388
Journal of Animal Ecology,1365-2656
Journal of Animal Physiology and Animal Nutrition,1439-0396
Journal of Applied Behavior Analysis,1938-3703
Journal of Applied Biobehavioral Research,1751-9861
Journal of Applied Biomaterials,1549-9316
Journal of Applied Clinical Medical Physics,1526-9914
Journal of Applied Corporate Finance,1745-6622
Journal of Applied Crystallography,1600-5767
Journal of Applied Ecology,1365-2664
Journal of Applied Econometrics,1099-1255
Journal of Applied Entomology,1439-0418
Journal of Applied Ichthyology,1439-0426
Journal of Applied Microbiology,1365-2672
Journal of Applied Philosophy,1468-5930
Journal of Applied Polymer Science,1097-4628
Journal of Applied Research in Intellectual Disabilities,1468-3148
Journal of Applied Social Psychology,1559-1816
Journal of Applied Toxicology,1099-1263
Journal of Aquatic Animal Health,1548-8667
Journal of Architectural Education,1531-314X
Journal of Arrhythmia,1883-2148
Journal of Avian Biology,1600-048X
Journal of Basic Microbiology,1521-4028
Journal of Behavioral Decision Making,1099-0771
Journal of Biochemical and Molecular Toxicology,1099-0461
Journal of Biogeography,1365-2699
Journal of Biomedical Materials Research Part A,1552-4965
Journal of Biomedical Materials Research Part B: Applied Biomaterials,1552-4981
Journal of Biophotonics,1864-0648
Journal of Bone and Mineral Research,1523-4681
Journal of Business Finance & Accounting,1468-5957
Journal of Business Logistics,2158-1592
"Journal of Cachexia, Sarcopenia and Muscle",2190-6009
Journal of Cardiac Surgery,1540-8191
Journal of Cardiovascular Electrophysiology,1540-8167
Journal of Cellular Biochemistry,1097-4644
Journal of Cellular Physiology,1097-4652
Journal of Cellular and Molecular Medicine,1582-4934
Journal of Chemical Technology and Biotechnology,1097-4660
Journal of Chemometrics,1099-128X
Journal of Child Psychology and Psychiatry,1469-7610
Journal of Child and Adolescent Psychiatric Nursing,1744-6171
Journal of Chinese Philosophy,1540-6253
Journal of Clinical Apheresis,1098-1101
Journal of Clinical Laboratory Analysis,1098-2825
Journal of Clinical Nursing,1365-2702
Journal of Clinical Periodontology,1600-051X
Journal of Clinical Pharmacy and Therapeutics,1365-2710
Journal of Clinical Psychology,1097-4679
Journal of Clinical Ultrasound,1097-0096
Journal of College Counseling,2161-1882
Journal of Combinatorial Designs,1520-6610
Journal of Communication,1460-2466
Journal of Community & Applied Social Psychology,1099-1298
Journal of Community Psychology,1520-6629
Journal of Comparative Neurology,1096-9861
Journal of Computational Chemistry,1096-987X
Journal of Computer Assisted Learning,1365-2729
Journal of Computer-Mediated Communication,1083-6101
Journal of Consumer Affairs,1745-6606
Journal of Consumer Behaviour,1479-1838
Journal of Consumer Psychology,1532-7663
Journal of Contemporary Water Research & Education,1936-704X
Journal of Contingencies and Crisis Management,1468-5973
Journal of Continuing Education in the Health Professions,1554-558X
Journal of Corporate Accounting & Finance,1097-0053
Journal of Cosmetic Dermatology,1473-2165
Journal of Counseling & Development,1556-6676
Journal of Cutaneous Immunology and Allergy,2574-4593
Journal of Cutaneous Pathology,1600-0560
Journal of Diabetes,1753-0407
Journal of Diabetes Investigation,2040-1124
Journal of Digestive Diseases,1751-2980
Journal of Ecology,1365-2745
Journal of Economic Surveys,1467-6419
Journal of Economics & Management Strategy,1530-9134
Journal of Educational Measurement,1745-3984
Journal of Empirical Legal Studies,1740-1461
Journal of Employment Counseling,2161-1920
Journal of Engineering Education,2168-9830
Journal of Environmental Medicine,1099-1301
Journal of Environmental Policy and Planning,1522-7200
Journal of Esthetic and Restorative Dentistry,1708-8240
Journal of Eukaryotic Microbiology,1550-7408
Journal of Evaluation in Clinical Practice,1365-2753
Journal of Evidence-Based Medicine,1756-5391
Journal of Evolutionary Biology,1420-9101
Journal of Experimental Therapeutics and Oncology,1533-869X
Journal of Experimental Zoology Part A: Ecological and Integrative Physiology,2471-5646
Journal of Experimental Zoology Part B: Molecular and Developmental Evolution,1552-5015
Journal of Family Theory & Review,1756-2589
Journal of Family Therapy,1467-6427
Journal of Field Ornithology,1557-9263
Journal of Field Robotics,1556-4967
Journal of Financial Research,1475-6803
Journal of Fish Biology,1095-8649
Journal of Fish Diseases,1365-2761
Journal of Flood Risk Management,1753-318X
Journal of Food Biochemistry,1745-4514
Journal of Food Lipids,1745-4522
Journal of Food Process Engineering,1745-4530
Journal of Food Processing and Preservation,1745-4549
Journal of Food Quality,1745-4557
Journal of Food Safety,1745-4565
Journal of Food Science,1750-3841
Journal of Food Science Education,1541-4329
Journal of Foodservice,1748-0159
Journal of Forecasting,1099-131X
Journal of Forensic Nursing,1939-3938
Journal of Forensic Sciences,1556-4029
Journal of Futures Markets,1096-9934
Journal of Gastroenterology and Hepatology,1440-1746
Journal of General Internal Medicine,1525-1497
Journal of General and Family Medicine,2189-7948
Journal of Geophysical Research,2156-2202
Journal of Geophysical Research: Atmospheres,2169-8996
Journal of Geophysical Research: Biogeosciences,2169-8961
Journal of Geophysical Research: Earth Surface,2169-9011
Journal of Geophysical Research: Oceans,2169-9291
Journal of Geophysical Research: Planets,2169-9100
Journal of Geophysical Research: Solid Earth,2169-9356
Journal of Geophysical Research: Space Physics,2169-9402
Journal of Graph Theory,1097-0118
Journal of Healthcare Risk Management,2040-0861
Journal of Hepato-Biliary-Pancreatic Sciences,1868-6982
Journal of Heterocyclic Chemistry,1943-5193
Journal of Historical Sociology,1467-6443
Journal of Hospital Medicine,1553-5606
Journal of Human Nutrition and Dietetics,1365-277X
Journal of Image Guided Surgery,1522-712X
Journal of Industrial Ecology,1530-9290
Journal of Integrative Plant Biology,1744-7909
Journal of Intellectual Disability Research,1365-2788
Journal of Intensive Care Medicine,1525-1489
Journal of Interactive Marketing,1520-6653
Journal of Interdisciplinary Nanomedicine,2058-3273
Journal of Interior Design,1939-1668
Journal of Internal Medicine,1365-2796
Journal of International Development,1099-1328
Journal of International Financial Management & Accounting,1467-646X
Journal of Interventional Cardiology,1540-8183
Journal of Investigative Psychology and Offender Profiling,1544-4767
Journal of Investigative and Clinical Dentistry,2041-1626
Journal of Labelled Compounds and Radiopharmaceuticals,1099-1344
Journal of Labor and Society,2471-4607
Journal of Law and Society,1467-6478
Journal of Leadership Studies,1935-262X
Journal of Legal Studies Education,1744-1722
Journal of Leukocyte Biology,1938-3673
Journal of Linguistic Anthropology,1548-1395
Journal of Lower Genital Tract Disease,1526-0976
Journal of Magnetic Resonance Imaging,1522-2586
Journal of Management Studies,1467-6486
Journal of Marital and Family Therapy,1752-0606
Journal of Marriage and Family,1741-3737
Journal of Mass Spectrometry,1096-9888
Journal of Medical Imaging and Radiation Oncology,1754-9485
Journal of Medical Primatology,1600-0684
Journal of Medical Radiation Sciences,2051-3909
Journal of Medical Virology,1096-9071
Journal of Metamorphic Geology,1525-1314
Journal of Microcolumn Separations,1520-667X
Journal of Microscopy,1365-2818
Journal of Midwifery & Womens Health,1542-2011
Journal of Molecular Recognition,1099-1352
"Journal of Money, Credit and Banking",1538-4616
Journal of Morphology,1097-4687
Journal of Multi-Criteria Decision Analysis,1099-1360
Journal of Multicultural Counseling and Development,2161-1912
Journal of Muscle Foods,1745-4573
Journal of Neurochemistry,1471-4159
Journal of Neuroendocrinology,1365-2826
Journal of Neuroimaging,1552-6569
Journal of Neuropsychology,1748-6653
Journal of Neuroscience Research,1097-4547
Journal of Nursing Management,1365-2834
Journal of Nursing Scholarship,1547-5069
Journal of Nursing and Healthcare of Chronic Illness,1752-9824
"Journal of Obstetric, Gynecologic, & Neonatal Nursing",1552-6909
Journal of Obstetrics and Gynaecology Research,1447-0756
Journal of Occupational and Organizational Psychology,2044-8325
Journal of Oral Pathology & Medicine,1600-0714
Journal of Oral Rehabilitation,1365-2842
Journal of Organizational Behavior,1099-1379
Journal of Orthopaedic Research®,1554-527X
Journal of Paediatrics and Child Health,1440-1754
Journal of Parenteral and Enteral Nutrition,1941-2444
Journal of Peptide Science,1099-1387
Journal of Periodontal Research,1600-0765
Journal of Periodontology,1943-3670
Journal of Personality,1467-6494
Journal of Petroleum Geology,1747-5457
Journal of Pharmaceutical Health Services Research,1759-8893
Journal of Pharmaceutical Sciences,1520-6017
Journal of Pharmacy Practice and Research,2055-2335
Journal of Philosophy of Education,1467-9752
Journal of Phycology,1529-8817
Journal of Physical Organic Chemistry,1099-1395
Journal of Phytopathology,1439-0434
Journal of Pineal Research,1600-079X
Journal of Plant Nutrition and Soil Science,1522-2624
Journal of Policy Analysis and Management,1520-6688
Journal of Policy and Practice in Intellectual Disabilities,1741-1130
Journal of Political Philosophy,1467-9760
Journal of Politics,1468-2508
Journal of Polymer Science Part A: Polymer Chemistry,1099-0518
Journal of Polymer Science Part B: Polymer Physics,1099-0488
Journal of Polymer Science Part C: Polymer Letters,1543-0472
Journal of Polymer Science: Macromolecular Reviews,1543-0480
Journal of Polymer Science: Polymer Symposia,1936-0959
Journal of Popular Music Studies,1533-1598
Journal of Porphyrins and Phthalocyanines,1099-1409
Journal of Product Innovation Management,1540-5885
Journal of Prosthodontics,1532-849X
Journal of Psychiatric and Mental Health Nursing,1365-2850
Journal of Psychological Issues in Organizational Culture,2041-8426
Journal of Public Affairs,1479-1854
Journal of Public Economic Theory,1467-9779
Journal of Public Health Dentistry,1752-7325
Journal of Quality in Clinical Practice,1440-1762
Journal of Quaternary Science,1099-1417
Journal of Raman Spectroscopy,1097-4555
Journal of Rapid Methods & Automation in Microbiology,1745-4581
Journal of Regional Science,1467-9787
Journal of Religious Ethics,1467-9795
Journal of Religious History,1467-9809
Journal of Renal Care,1755-6686
Journal of Research in Reading,1467-9817
Journal of Research in Science Teaching,1098-2736
Journal of Research in Special Educational Needs,1471-3802
Journal of Research on Adolescence,1532-7795
Journal of Risk and Insurance,1539-6975
Journal of Scheduling,1099-1425
Journal of School Health,1746-1561
Journal of Sensory Studies,1745-459X
Journal of Separation Science,1615-9314
Journal of Sleep Research,1365-2869
Journal of Small Animal Practice,1748-5827
Journal of Small Business Management,1540-627X
Journal of Social Issues,1540-4560
Journal of Social Philosophy,1467-9833
Journal of Sociolinguistics,1467-9841
Journal of Software: Evolution and Process,2047-7481
Journal of Supply Chain Management,1745-493X
Journal of Supreme Court History,1540-5818
Journal of Surfactants and Detergents,1558-9293
Journal of Surgical Oncology,1096-9098
Journal of Synchrotron Radiation,1600-5775
Journal of Systematics and Evolution,1759-6831
Journal of Texture Studies,1745-4603
Journal of The Historical Society,1540-5923
Journal of Theoretical Social Psychology,2475-0387
Journal of Thrombosis and Haemostasis,1538-7836
Journal of Time Series Analysis,1467-9892
Journal of Tissue Engineering and Regenerative Medicine,1932-7005
Journal of Topology,1753-8424
Journal of Traumatic Stress,1573-6598
Journal of Travel Medicine,1708-8305
Journal of Ultrasound in Medicine,1550-9613
Journal of Urban Affairs,1467-9906
Journal of Vector Ecology,1948-7134
Journal of Vegetation Science,1654-1103
Journal of Veterinary Emergency and Critical Care,1476-4431
Journal of Veterinary Internal Medicine,1939-1676
Journal of Veterinary Pharmacology and Therapeutics,1365-2885
Journal of Vinyl and Additive Technology,1548-0585
Journal of Viral Hepatitis,1365-2893
Journal of Zoological Systematics and Evolutionary Research,1439-0469
Journal of Zoology,1469-7998
Journal of the American Association of Nurse Practitioners,2327-6924
Journal of the American Ceramic Society,1551-2916
Journal of the American Geriatrics Society,1532-5415
Journal of the American Heart Association Cardiovascular and Cerebrovascular Disease,2047-9980
Journal of the American Oil Chemists' Society,1558-9331
Journal of the Association for Information Science and Technology,2330-1643
Journal of the CardioMetabolic Syndrome,1559-4572
Journal of the Chinese Chemical Society,2192-6549
Journal of the European Academy of Dermatology and Venereology,1468-3083
Journal of the European Economic Association,1542-4774
Journal of the Experimental Analysis of Behavior,1938-3711
Journal of the History of the Behavioral Sciences,1520-6696
Journal of the Institute of Brewing,2050-0416
Journal of the International AIDS Society,1758-2652
Journal of the London Mathematical Society,1469-7750
Journal of the Peripheral Nervous System,1529-8027
Journal of the Royal Anthropological Institute,1467-9655
Journal of the Royal Statistical Society: Series A (Statistics in Society),1467-985X
Journal of the Royal Statistical Society: Series B (Statistical Methodology),1467-9868
Journal of the Royal Statistical Society: Series C (Applied Statistics),1467-9876
Journal of the Royal Statistical Society: Series D (The Statistician),1467-9884
Journal of the Science of Food and Agriculture,1097-0010
Journal of the Society for Information Display,1938-3657
Journal of the Society for the Anthropology of Europe,1556-5823
Journal of the World Aquaculture Society,1749-7345
Juvenile and Family Court Journal,1755-6988
Knowledge and Process Management,1099-1441
Kyklos,1467-6435
LABOUR,1467-9914
LUTS: Lower Urinary Tract Symptoms,1757-5672
Laboratoriums Medizin,1439-0477
Laboratory Robotics and Automation,1098-2728
Lakes & Reservoirs: Research & Management,1440-1770
Land Degradation & Development,1099-145X
Language Learning,1467-9922
Language and Linguistics Compass,1749-818X
Laryngoscope Investigative Otolaryngology,2378-8038
Laser & Photonics Reviews,1863-8899
Laser Physics Letters,1612-202X
Laser Technik Journal,1863-9119
Lasers in Surgery and Medicine,1096-9101
Latin American Policy,2041-7373
Latin American Politics and Society,1548-2456
Law & Policy,1467-9930
Law & Social Inquiry,1747-4469
Law & Society Review,1540-5893
Leader to Leader,1531-5355
Leadership in Action,1532-1088
Learned Publishing,1741-4857
Learning Disabilities Research & Practice,1540-5826
Learning Health Systems,2379-6146
Learning in Health and Social Care,1473-6861
Lebensmittelchemie,1521-3811
Legal Studies,1748-121X
Legal and Criminological Psychology,2044-8333
Legislative Studies Quarterly,1939-9162
Lethaia,1502-3931
Letters in Applied Microbiology,1472-765X
Leviathan,1750-1849
Limnology and Oceanography,1939-5590
Limnology and Oceanography Bulletin,1539-6088
Limnology and Oceanography Letters,2378-2242
Limnology and Oceanography e-Lectures,2164-0254
Limnology and Oceanography: Fluids and Environments,2157-3689
Limnology and Oceanography: Methods,1541-5856
Lipid Technology,1863-5377
Lipids,1558-9307
Literacy,1741-4369
Literature Compass,1741-4113
Liver International,1478-3231
Liver Transplantation,1527-6473
Livestock,2044-3870
London Business School Review,2057-1615
Lubrication Science,1557-6833
Luminescence,1522-7243
Macromolecular Bioscience,1616-5195
Macromolecular Chemistry and Physics,1521-3935
Macromolecular Materials and Engineering,1439-2054
Macromolecular Rapid Communications,1521-3927
Macromolecular Reaction Engineering,1862-8338
Macromolecular Theory and Simulations,1521-3919
Magnetic Resonance in Chemistry,1097-458X
Magnetic Resonance in Medicine,1522-2594
Makromolekulare Chemie. Supplementband,1521-3900
Mammal Review,1365-2907
Management Report for Nonunion Organizations,1530-8286
Management and Organization Review,1740-8784
Managerial and Decision Economics,1099-1468
Marine Ecology,1439-0485
Marine Mammal Science,1748-7692
Marine and Coastal Fisheries,1942-5120
Mass Spectrometry Reviews,1098-2787
Materials and Corrosion,1521-4176
Materialwissenschaft und Werkstofftechnik,1521-4052
Maternal & Child Nutrition,1740-8709
Mathematical Finance,1467-9965
Mathematical Logic Quarterly,1521-3870
Mathematical Methods in the Applied Sciences,1099-1476
Mathematische Nachrichten,1522-2616
Mauerwerk,1437-1022
Mechanics of Cohesive-frictional Materials,1099-1484
Medical Anthropology Quarterly,1548-1387
Medical Devices & Sensors,2573-802X
Medical Education,1365-2923
Medical Mycology,1365-280X
Medical Physics,2473-4209
Medical and Veterinary Entomology,1365-2915
Medicinal Research Reviews,1098-1128
Mental Health Weekly,1556-7583
Mergent's Dividend Achievers,1548-2839
Metaphilosophy,1467-9973
Meteoritics & Planetary Science,1945-5100
Meteorological Applications,1469-8080
Methods in Ecology and Evolution,2041-210X
Metroeconomica,1467-999X
Microbial Biotechnology,1751-7915
Microbiology and Immunology,1348-0421
MicrobiologyOpen,2045-8827
Microcirculation,1549-8719
Microscopy Research and Technique,1097-0029
Microsurgery,1098-2752
Microwave and Optical Technology Letters,1098-2760
Middle East Policy,1475-4967
Midwest Studies In Philosophy,1475-4975
Milton Quarterly,1094-348X
Mind & Language,1468-0017
"Mind, Brain, and Education",1751-228X
Mining Report,2195-8378
Mitteilungen der Deutschen Entomologischen Gesellschaft,1860-1324
Modern Theology,1468-0025
Molecular Carcinogenesis,1098-2744
Molecular Ecology,1365-294X
Molecular Ecology Resources,1755-0998
Molecular Genetics & Genomic Medicine,2324-9269
Molecular Informatics,1868-1751
Molecular Microbiology,1365-2958
Molecular Nutrition & Food Research,1613-4133
Molecular Oncology,1878-0261
Molecular Oral Microbiology,2041-1014
Molecular Plant Pathology,1364-3703
Molecular Reproduction and Development,1098-2795
Molecular Systems Biology,1744-4292
Monographs of the Society for Research in Child Development,1540-5834
Monthly Notices of the Royal Astronomical Society,1365-2966
Monthly Notices of the Royal Astronomical Society: Letters,1745-3933
Mount Sinai Journal of Medicine: A Journal of Translational and Personalized Medicine,1931-7581
Movement Disorders,1531-8257
Movement Disorders Clinical Practice,2330-1619
Muscle & Nerve,1097-4598
Musculoskeletal Care,1557-0681
Museum Anthropology,1548-1379
Museum International,1468-0033
Museum International (Edition Francaise),1755-5825
Music Analysis,1468-2249
Mycoses,1439-0507
NMR in Biomedicine,1099-1492
Nachrichten aus der Chemie,1868-0054
National Civic Review,1542-7811
Nations and Nationalism,1469-8129
Natural Gas & Electricity,1545-7907
Natural Resource Modeling,1939-7445
Natural Resources Forum,1477-8947
Natural Toxins,1522-7189
Naval Engineers Journal,1559-3584
Naval Research Logistics (NRL),1520-6750
Navigation,2161-4296
Negotiation Journal,1571-9979
Negotiation and Conflict Management Research,1750-4716
Nephrology,1440-1797
Networks,1097-0037
Neurogastroenterology & Motility,1365-2982
Neurology and Clinical Neuroscience,2049-4173
Neuromodulation: Technology at the Neural Interface,1525-1403
Neuropathology,1440-1789
Neuropathology and Applied Neurobiology,1365-2990
Neuropsychopharmacology Reports,2574-173X
Neuroscience Research Communications,1520-6769
Neurourology and Urodynamics,1520-6777
New Blackfriars,1741-2005
New Directions for Adult and Continuing Education,1536-0717
New Directions for Child and Adolescent Development,1534-8687
New Directions for Community Colleges,1536-0733
New Directions for Evaluation,1534-875X
New Directions for Higher Education,1536-0741
New Directions for Institutional Research,1536-075X
New Directions for Philanthropic Fundraising,1542-7846
New Directions for Student Leadership,2373-3357
New Directions for Student Services,1536-0695
New Directions for Teaching and Learning,1536-0768
New Horizons in Adult Education and Human Resource Development,1939-4225
New Microbes and New Infections,2052-2975
New Perspectives Quarterly,1540-5842
New Phytologist,1469-8137
"New Technology, Work and Employment",1468-005X
New Zealand Geographer,1745-7939
Nonprofit Business Advisor,1949-3193
Nonprofit Communications Report,2325-8616
Nonprofit Management and Leadership,1542-7854
Nontraditional Students Report,1943-7501
Nordic Journal of Botany,1756-1051
North American Dialogue,1556-4819
North American Journal of Aquaculture,1548-8454
North American Journal of Fisheries Management,1548-8675
Noûs,1468-0068
Numerical Linear Algebra with Applications,1099-1506
Numerical Methods for Partial Differential Equations,1098-2426
Nursing & Health Sciences,1442-2018
Nursing Forum,1744-6198
Nursing Inquiry,1440-1800
Nursing Open,2054-1058
Nursing Philosophy,1466-769X
Nursing for Women's Health,1751-486X
Nursing in Critical Care,1478-5153
Nutrition & Dietetics,1747-0080
Nutrition Bulletin,1467-3010
Nutrition Reviews,1753-4887
Nutrition in Clinical Care,1523-5408
Nutrition in Clinical Practice,1941-2452
Nutritional Anthropology,1548-7172
OPEC Energy Review,1753-0237
Obesity,1930-739X
Obesity Reviews,1467-789X
Obesity Science & Practice,2055-2238
Occupational Therapy International,1557-0703
Oceania,1834-4461
Oikos,1600-0706
Oil and Energy Trends,1744-7992
Oil and Energy Trends: Annual Statistical Review,1746-9066
Ophthalmic and Physiological Optics,1475-1313
Optik & Photonik,2191-1975
Optimal Control Applications and Methods,1099-1514
Oral Diseases,1601-0825
Oral Surgery,1752-248X
Orbis Litterarum,1600-0730
Orthodontics & Craniofacial Research,1601-6343
Orthopaedic Surgery,1757-7861
Oryx,1365-3008
Oxford Bulletin of Economics and Statistics,1468-0084
Oxford Journal of Archaeology,1468-0092
Oxonomics,1752-5209
P2: Pollution Prevention Review,1520-6815
PAMM,1617-7061
PROTEOMICS,1615-9861
PROTEOMICS - Clinical Applications,1862-8354
Pacific Economic Review,1468-0106
Pacific Focus,1976-5118
Pacing and Clinical Electrophysiology,1540-8159
Packaging Technology and Science,1099-1522
Paediatric and Perinatal Epidemiology,1365-3016
Pain Medicine,1526-4637
Pain Practice,1533-2500
Palaeontology,1475-4983
Paleoceanography and Paleoclimatology,2572-4525
Papers in Palaeontology,2056-2802
Papers in Regional Science,1435-5957
Parasite Immunology,1365-3024
Parliamentary History,1750-0206
Particle & Particle Systems Characterization,1521-4117
Pastoral Care in Education,1468-0122
Pathogens and Disease,2049-632X
Pathology International,1440-1827
Peace & Change,1468-0130
Pediatric Allergy and Immunology,1399-3038
Pediatric Anesthesia,1460-9592
Pediatric Blood & Cancer,1545-5017
Pediatric Dermatology,1525-1470
Pediatric Diabetes,1399-5448
Pediatric Investigation,2574-2272
Pediatric Obesity,2047-6310
Pediatric Pulmonology,1099-0496
Pediatric Transplantation,1399-3046
Pediatrics International,1442-200X
Peptide Science,2475-8817
Performance Improvement,1930-8272
Performance Improvement Quarterly,1937-8327
Periodontology 2000,1600-0757
Permafrost and Periglacial Processes,1099-1530
Personal Relationships,1475-6811
Personality and Mental Health,1932-863X
Personnel Psychology,1744-6570
Perspectives in Psychiatric Care,1744-6163
Perspectives on Psychological Science,1745-6924
Perspectives on Sexual and Reproductive Health,1931-2393
Perspektiven der Wirtschaftspolitik,1468-2516
Pest Management Science,1526-4998
Pharmaceutical Statistics,1539-1612
Pharmacoepidemiology and Drug Safety,1099-1557
Pharmacology Research & Perspectives,2052-1707
Pharmacotherapy: The Journal of Human Pharmacology and Drug Therapy,1875-9114
Pharmacy and Pharmacology Communications,2042-7158
Pharmazie in unserer Zeit,1615-1003
Philosophical Investigations,1467-9205
Philosophical Issues,1758-2237
Philosophical Perspectives,1520-8583
Philosophy & Public Affairs,1088-4963
Philosophy Compass,1747-9991
Philosophy and Phenomenological Research,1933-1592
Photochemistry and Photobiology,1751-1097
"Photodermatology, Photoimmunology & Photomedicine",1600-0781
Phycological Research,1440-1835
Physik in unserer Zeit,1521-3943
Physikalische Blätter,1521-3722
Physiologia Plantarum,1399-3054
Physiological Entomology,1365-3032
Physiological Reports,2051-817X
Physiotherapy Research International,1471-2865
Phytochemical Analysis,1099-1565
Phytotherapy Research,1099-1573
Pigment Cell & Melanoma Research,1755-148X
Plant Biology,1438-8677
Plant Biotechnology Journal,1467-7652
Plant Breeding,1439-0523
Plant Direct,2475-4455
Plant Pathology,1365-3059
Plant Species Biology,1442-1984
"Plant, Cell & Environment",1365-3040
Plasma Processes and Polymers,1612-8869
PoLAR: Political and Legal Anthropology Review,1555-2934
Poe Studies,1754-6095
Polar Research,1751-8369
Policy & Internet,1944-2866
Policy Studies Journal,1541-0072
Political Insight,2041-9066
Political Psychology,1467-9221
Political Science Quarterly,1538-165X
Political Studies,1467-9248
Political Studies Review,1478-9302
Politics,1467-9256
Politics & Policy,1747-1346
Polymer Composites,1548-0569
Polymer Crystallization,2573-7619
Polymer Engineering & Science,1548-2634
Polymer International,1097-0126
Polymers for Advanced Technologies,1099-1581
Population Council Book Series,2326-4624
Population and Development Review,1728-4457
"Population, Space and Place",1544-8452
Poverty & Public Policy,1944-2858
Practical Diabetes,2047-2900
Practice Development in Health Care,1557-105X
Precision Radiation Oncology,2398-7324
Prenatal Diagnosis,1097-0223
Prescriber,1931-2253
Presidential Studies Quarterly,1741-5705
Preventive Cardiology,1751-7141
Proceedings of the African Futures Conference,2573-508X
Proceedings of the Aristotelian Society (Hardback),1467-9264
Proceedings of the Association for Information Science and Technology,2373-9231
Proceedings of the Association of American Physicians,1525-1381
Proceedings of the International Society for Magnetic Resonance in Medicine,1557-3672
Proceedings of the Linnean Society of London,1095-8312
Proceedings of the London Mathematical Society,1460-244X
Proceedings of the Society for Experimental Biology and Medicine,1525-1373
Process Safety Progress,1547-5913
Production and Operations Management,1937-5956
Progress in Cardiovascular Nursing,1751-7117
Progress in Neurology and Psychiatry,1931-227X
Progress in Orthodontics,1723-7785
Progress in Photovoltaics: Research and Applications,1099-159X
Progress in Structural Engineering and Materials,1528-2716
Progress in Tourism and Hospitality Research,1099-1603
"Propellants, Explosives, Pyrotechnics",1521-4087
Protein Science,1469-896X
"Proteins: Structure, Function, and Bioinformatics",1097-0134
PsyCh Journal,2046-0260
Psychiatry and Clinical Neurosciences,1440-1819
Psycho-Oncology,1099-1611
Psychogeriatrics,1479-8301
Psychological Science,1467-9280
Psychology & Marketing,1520-6793
"Psychology and Psychotherapy: Theory, Research and Practice",2044-8341
Psychology in the Schools,1520-6807
Psychology of Women Quarterly,1471-6402
Psychophysiology,1469-8986
Psychotherapy and Politics International,1556-9195
Public Administration,1467-9299
Public Administration Review,1540-6210
Public Administration and Development,1099-162X
Public Budgeting & Finance,1540-5850
Public Health Nursing,1525-1446
Quality Assurance and Safety of Crops & Foods,1757-837X
Quality and Reliability Engineering International,1099-1638
Quantitative Economics,1759-7331
Quarterly Journal of the Royal Meteorological Society,1477-870X
R&D Management,1467-9310
RISKNEWS,1616-0045
Radiation Oncology Investigations,1520-6823
Radio Science,1944-799X
Random Structures & Algorithms,1098-2418
Rapid Communications in Mass Spectrometry,1097-0231
Ratio,1467-9329
Ratio Juris,1467-9337
Reading Research Quarterly,1936-2722
Real Estate Economics,1540-6229
Recruiting & Retaining Adult Learners,2155-6458
Recueil des Travaux Chimiques des Pays-Bas,0165-0513
Regeneration,2052-4412
Regional Science Policy & Practice,1757-7802
Regulation & Governance,1748-5991
Rehabilitation Nursing,2048-7940
Religion Compass,1749-8171
Religious Studies Review,1748-0922
Remediation Journal,1520-6831
Remote Sensing in Ecology and Conservation,2056-3485
Renaissance Studies,1477-4658
Reproduction in Domestic Animals,1439-0531
Reproductive Medicine and Biology,1447-0578
Research Synthesis Methods,1759-2887
Research World,2330-4448
Research and Practice in Thrombosis and Haemostasis,2475-0379
Research in Nursing & Health,1098-240X
Resource Geology,1751-3928
Respirology,1440-1843
Respirology Case Reports,2051-3380
Restoration Ecology,1526-100X
Review of Agricultural Economics,1467-9353
Review of Behavioral Finance,1940-5987
Review of Development Economics,1467-9361
Review of Economic Studies,1467-937X
Review of Education,2049-6613
"Review of European, Comparative & International Environmental Law",2050-0394
Review of Financial Economics,1873-5924
Review of Income and Wealth,1475-4991
Review of International Economics,1467-9396
Review of Policy Research,1541-1338
Review of Urban & Regional Development Studies,1467-940X
Reviews in Aquaculture,1753-5131
Reviews in Clinical and Experimental Hematology,1468-0734
Reviews in Medical Virology,1099-1654
Reviews in Religion & Theology,1467-9418
Reviews of Geophysics,1944-9208
Revista Internacional de Seguridad Social,1752-1734
Revista Internacional del Trabajo,1564-9148
Revue Romane,1600-0811
Revue internationale de sécurité sociale,1752-1718
Revue internationale du Travail,1564-9121
Risk Analysis,1539-6924
Risk Management and Insurance Review,1540-6296
"Risk, Hazards & Crisis in Public Policy",1944-4079
River Research and Applications,1535-1467
Rural Sociology,1549-0831
Russian Economic Trends,1467-9426
SID Symposium Digest of Technical Papers,2168-0159
SKINmed: Dermatology for the Clinician,1751-7125
SOLGAN,1547-5298
STEM CELLS,1549-4918
STEM CELLS Translational Medicine,2157-6580
Scandinavian Journal of Caring Sciences,1471-6712
Scandinavian Journal of Immunology,1365-3083
Scandinavian Journal of Medicine & Science in Sports,1600-0838
Scandinavian Journal of Metallurgy,1600-0692
Scandinavian Journal of Psychology,1467-9450
Scandinavian Journal of Statistics,1467-9469
Scandinavian Political Studies,1467-9477
Scanning,1932-8745
School Science and Mathematics,1949-8594
Science Education,1098-237X
Science News,1943-0930
Scottish Journal of Political Economy,1467-9485
Security and Communication Networks,1939-0122
Security and Privacy,2475-6725
Sedimentology,1365-3091
Seminars in Dialysis,1525-139X
Seminars in Surgical Oncology,1098-2388
Sensors Update,1616-8984
Separation Science Plus,2573-1815
Sexual Medicine,2050-1161
Sexual Medicine Reviews,2050-0521
Shoulder & Elbow,1758-5740
Signal Transduction,1615-4061
Significance,1740-9713
Singapore Journal of Tropical Geography,1467-9493
Single Molecules,1438-5171
Skin Research and Technology,1600-0846
Sleep and Biological Rhythms,1479-8425
Small,1613-6829
Small Methods,2366-9608
Social Anthropology,1469-8676
Social Development,1467-9507
Social Issues and Policy Review,1751-2409
Social Policy & Administration,1467-9515
Social Science Quarterly,1540-6237
Social and Personality Psychology Compass,1751-9004
Sociologia Ruralis,1467-9523
Sociological Forum,1573-7861
Sociological Inquiry,1475-682X
Sociological Methodology,1467-9531
Sociological Theory,1467-9558
Sociology Compass,1751-9020
Sociology of Health & Illness,1467-9566
Software Focus,1529-7950
Software Process: Improvement and Practice,1099-1670
"Software Testing, Verification and Reliability",1099-1689
Software: Practice and Experience,1097-024X
Soil Science & Plant Nutrition,1747-0765
Soil Use and Management,1475-2743
Solar RRL,2367-198X
Somnologie,1439-054X
Sonography,2054-6750
South African Journal of Economics,1813-6982
Southern Economic Journal,2325-8012
Space Weather,1542-7390
Space Weather Quarterly,2325-4432
Special Care in Dentistry,1754-4505
Special Events Galore,2325-8586
Spirituality and Health International,1557-0665
Sports Engineering,1460-2687
Sports Technology,1934-6190
Stahlbau,1437-1049
Starch - Stärke,1521-379X
Stat,2049-1573
Statistica Neerlandica,1467-9574
Statistical Analysis and Data Mining: The ASA Data Science Journal,1932-1872
Statistics in Medicine,1097-0258
Steel Construction,1867-0539
Steinbeck Review,1754-6087
Strain,1475-1305
Strategic Change,1099-1697
Strategic Enrollment Management Quarterly,2325-4750
Strategic Entrepreneurship Journal,1932-443X
Strategic Management Journal,1097-0266
Stress and Health,1532-2998
Structural Concrete,1751-7648
Structural Control and Health Monitoring,1545-2263
Student Affairs Today,1943-7552
Student Aid News,1943-751X
Studia Linguistica,1467-9582
Studies in Applied Mathematics,1467-9590
Studies in Ethnicity and Nationalism,1754-9469
Studies in Family Planning,1728-4465
Successful Fundraising,2325-8624
Suicide and Life-Threatening Behavior,1943-278X
Support for Learning,1467-9604
Surface and Interface Analysis,1096-9918
Surgical Practice,1744-1633
Sustainable Development,1099-1719
Swiss Political Science Review,1662-6370
Symbolic Interaction,1533-8665
Synapse,1098-2396
Syntax,1467-9612
System Dynamics Review,1099-1727
Systematic Entomology,1365-3113
Systems Engineering,1520-6858
Systems Research and Behavioral Science,1099-1743
Systems and Computers in Japan,1520-684X
TESOL Journal,1949-3533
TESOL Quarterly,1545-7249
Teaching Anthropology: Society for Anthropology in Community Colleges Notes,1941-4161
Teaching Statistics,1467-9639
Teaching Theology & Religion,1467-9647
Tectonics,1944-9194
Tellus,2153-3490
Tellus A,1600-0870
Tellus B,1600-0889
"Teratogenesis, Carcinogenesis, and Mutagenesis",1520-6866
Teratology,1096-9926
Terra Nova,1365-3121
The American Journal of Geriatric Cardiology,1751-715X
The American Journal on Addictions,1521-0391
The Anatomical Record,1932-8494
The Art Book,1467-8357
The Australian Journal of Anthropology,1757-6547
The Breast Journal,1524-4741
The British Journal of Politics & International Relations,1467-856X
The British Journal of Sociology,1468-4446
The Brown University Child & Adolescent Psychopharmacology Update,1556-7567
The Brown University Child and Adolescent Behavior Letter,1556-7575
The Brown University Digest of Addiction Theory and Application,1556-7559
The Brown University Geriatric Psychopharmacology Update,1556-7540
The Brown University Psychopharmacology Update,1556-7532
The Bulletin of the Ecological Society of America,2327-6096
The CSAS Bulletin,1548-7431
The Canadian Geographer / Le Géographe canadien,1541-0064
The Canadian Journal of Chemical Engineering,1939-019X
The Career Development Quarterly,2161-0045
The Chemical Record,1528-0691
The Clinical Respiratory Journal,1752-699X
The Clinical Teacher,1743-498X
The Department Chair,1936-4393
The Depositional Record,2055-4877
The Developing Economies,1746-1049
The EMBO Journal,1460-2075
The Econometrics Journal,1368-423X
The Economic History Review,1468-0289
The Economic Journal,1468-0297
The Ecumenical Review,1758-6623
The Electronic Journal of Information Systems in Developing Countries,1681-4835
The F. Scott Fitzgerald Review,1755-6333
The FEBS Journal,1742-4658
The Geographical Journal,1475-4959
The German Quarterly,1756-1183
The Heythrop Journal,1468-2265
The Howard Journal of Crime and Justice,2059-1101
The International Journal of Health Planning and Management,1099-1751
The International Journal of Medical Robotics and Computer Assisted Surgery,1478-596X
The International Journal of Psychoanalysis,1745-8315
The Japanese Economic Review,1468-5876
The Journal of Aesthetics and Art Criticism,1540-6245
The Journal of American Culture,1542-734X
The Journal of Clinical Hypertension,1751-7176
The Journal of Clinical Pharmacology,1552-4604
The Journal of Competency-Based Education,2379-6154
The Journal of Creative Behavior,2162-6057
The Journal of Dermatology,1346-8138
The Journal of Finance,1540-6261
The Journal of Gene Medicine,1521-2254
The Journal of Humanistic Counseling,2161-1939
The Journal of Industrial Economics,1467-6451
The Journal of Industrial Relations,1472-9296
The Journal of Latin American and Caribbean Anthropology,1935-4940
"The Journal of Law, Medicine & Ethics",1748-720X
The Journal of Maternal-Fetal Medicine,1520-6661
The Journal of Mental Health Policy and Economics,1099-176X
The Journal of Pathology,1096-9896
The Journal of Pathology: Clinical Research,2056-4538
The Journal of Physiology,1469-7793
The Journal of Popular Culture,1540-5931
The Journal of Rural Health,1748-0361
The Journal of Sexual Medicine,1743-6109
The Journal of Trace Elements in Experimental Medicine,1520-670X
The Journal of Wildlife Management,1937-2817
The Journal of World Intellectual Property,1747-1796
The Journal of the British Association of Psychotherapists,1556-9160
The Laryngoscope,1531-4995
The Latin Americanist,1557-203X
The Major Gifts Report,2325-8608
The Manchester School,1467-9957
The Mark Twain Annual,1756-2597
The Membership Management Report,2325-8640
The Milbank Quarterly,1468-0009
The Modern Language Journal,1540-4781
The Modern Law Review,1468-2230
The Muslim World,1478-1913
The National Teaching & Learning Forum,2166-3327
The Nonprofit Counsel,1520-6785
The Obstetrician & Gynaecologist,1744-4667
The Oncologist,1549-490X
The Personalist,1468-0114
The Philosophical Forum,1467-9191
The Philosophical Quarterly,1467-9213
The Photogrammetric Record,1477-9730
The Plant Journal,1365-313X
The Political Quarterly,1467-923X
The Professional Geographer,1467-9272
The Prostate,1097-0045
The Prostate Journal,1525-1411
The Psychoanalytic Quarterly,2167-4086
The Quality Assurance Journal,1099-1786
The RAND Journal of Economics,1756-2171
The Reading Teacher,1936-2714
The Russian Review,1467-9434
The Scandinavian Journal of Economics,1467-9442
The Sciences,2326-1951
The Sociological Quarterly,1533-8525
The Sociological Review,1467-954X
The Sociological Review Monographs,2059-7932
The Southern Journal of Philosophy,2041-6962
The Structural Design of Tall and Special Buildings,1541-7808
The Successful Registrar,1943-7560
The Volunteer Management Report,2325-8578
The World Economy,1467-9701
The Yale Review,1467-9736
Theoretical Economics,1555-7561
Theoria,1755-2567
Theory and Practice of Object Systems,1096-9942
Therapeutic Apheresis and Dialysis,1744-9987
Thoracic Cancer,1759-7714
Thought: A Journal of Philosophy,2161-2234
Thunderbird International Business Review,1520-6874
Tijdschrift voor economische en sociale geografie,1467-9663
To Improve the Academy,2334-4822
Topics in Cognitive Science,1756-8765
Traditional & Kampo Medicine,2053-4515
Traffic,1600-0854
Transactions in GIS,1467-9671
Transactions of the American Fisheries Society,1548-8659
Transactions of the Institute of British Geographers,1475-5661
Transactions of the Linnean Society of London,1945-9335
Transactions of the London Mathematical Society,2052-4986
Transactions of the New York Academy of Sciences,2164-0947
Transactions of the Philological Society,1467-968X
Transactions on Emerging Telecommunications Technologies,2161-3915
Transboundary and Emerging Diseases,1865-1682
Transforming Anthropology,1548-7466
Transfusion,1537-2995
Transfusion Alternatives in Transfusion Medicine,1778-428X
Transfusion Medicine,1365-3148
Translational Sports Medicine,2573-8488
Transplant Infectious Disease,1399-3062
Transplant International,1432-2277
Trends in Urology & Men's Health,2044-3749
Tropical Medicine & International Health,1365-3156
Tropical Science,1556-9179
Ultrasound in Obstetrics & Gynecology,1469-0705
Utilities Law Review,1099-1808
Vakuum in Forschung und Praxis,1522-2454
Value in Health,1524-4733
Veterinary Anaesthesia and Analgesia,1467-2995
Veterinary Clinical Pathology,1939-165X
Veterinary Dermatology,1365-3164
Veterinary Medicine and Science,2053-1095
Veterinary Nursing Journal,2045-0648
Veterinary Ophthalmology,1463-5224
Veterinary Radiology & Ultrasound,1740-8261
Veterinary Surgery,1532-950X
Veterinary and Comparative Oncology,1476-5829
Vietnam Journal of Chemistry,2572-8288
Visual Anthropology Review,1548-7458
Voices,1548-7423
Vox Sanguinis,1423-0410
Waste Management and Research,1096-3669
Water Law,1099-1816
Water Resources Research,1944-7973
Water and Environment Journal,1747-6593
Weather,1477-8696
Weed Biology and Management,1445-6664
Weed Research,1365-3180
Wiener Medizinische Wochenschrift,1563-258X
Wildlife Monographs,1938-5455
Wildlife Society Bulletin,1938-5463
Wiley Interdisciplinary Reviews: Climate Change,1757-7799
Wiley Interdisciplinary Reviews: Cognitive Science,1939-5086
Wiley Interdisciplinary Reviews: Computational Molecular Science,1759-0884
Wiley Interdisciplinary Reviews: Computational Statistics,1939-0068
Wiley Interdisciplinary Reviews: Data Mining and Knowledge Discovery,1942-4795
Wiley Interdisciplinary Reviews: Developmental Biology,1759-7692
Wiley Interdisciplinary Reviews: Energy and Environment,2041-840X
Wiley Interdisciplinary Reviews: Membrane Transport and Signaling,2190-4618
Wiley Interdisciplinary Reviews: Nanomedicine and Nanobiotechnology,1939-0041
Wiley Interdisciplinary Reviews: RNA,1757-7012
Wiley Interdisciplinary Reviews: Systems Biology and Medicine,1939-005X
Wiley Interdisciplinary Reviews: Water,2049-1948
Wilmott,1541-8286
Wilmott Journal,1759-636X
Wind Energy,1099-1824
Wireless Communications and Mobile Computing,1530-8677
Women in Higher Education,2331-5466
World Banking Abstracts,1467-9698
World Employment and Social Outlook,2059-3031
World Englishes,1467-971X
World Medical & Health Policy,1948-4682
World Oil Trade,1467-9728
World Psychiatry,2051-5545
Worldviews on Evidence-Based Nursing,1741-6787
Wound Repair and Regeneration,1524-475X
X-Ray Spectrometry,1097-4539
Xenotransplantation,1399-3089
Yearbook of the National Society for the Study of Education,1744-7984
Yeast,1097-0061
ZAMM - Journal of Applied Mathematics and Mechanics / Zeitschrift für Angewandte Mathematik und Mechanik,1521-4001
Zeitschrift für Chemie,0044-2402
Zeitschrift für anorganische und allgemeine Chemie,1521-3749
Zoo Biology,1098-2361
Zoologica Scripta,1463-6409
Zoological Journal of the Linnean Society,1096-3642
Zoonoses and Public Health,1863-2378
Zoosystematics and Evolution,1860-0743
Zygon®,1467-9744
ce/papers,2509-7075
forschung,1522-2357
genesis,1526-968X
geotechnik,2190-6653
human_ontogenetics,1863-9526
physica status solidi (RRL) - Rapid Research Letters,1862-6270
physica status solidi (a),1862-6319
physica status solidi (b),1521-3951
physica status solidi (c),1610-1642
steel research international,1869-344X
日本救急医学会雑誌 Journal of Japanese Association for Acute Medicine,1883-3772
